���,�ƺ�,Ʊ��
1,ƽ�����,14941
2,��򵥵�,10016
3,����,258
4,���ȵ��Ҹ�,248
5,����,2568
6,LBJ,1487
7,DREAM,443
8,��Ƭ��,496
9,��������,6759
10,����,13792
11,�Ｊ,6654
12,����ͯ,1239
13,����	,104
14,������Բ,315
15,ˮ��,269
16,CFMP,211
17,�a,1088
18,�������,353
19,�������,370
20,÷����ػ�,523
21,΢����,668
22,������,90
23,��Ȼ,534
24,�Ƿ�����,7162
25,��Ȫ,1451
26,Vera Cai,943
27,������ Cynthia,442
28,58ͬ�Ƕ��ֳ�,129
29,��ˮ����,497
30,��ѩӣ��,145
31,Tim,396
32,�³�,361
33,Lecoo,101
34,ЦЦ,568
35,CXN,72
36,���h,2116
37,�ں���,413
38,����,4377
